ID,devname_th,devnick_th,position,title,path,hashtag,desc_th,expertise_th,role_th,concept_th,concept_by_project_th,tech_th,process_th,hinder_th,lesson_th,feeling_th,devname_en,devnick_en,desc_en,expertise_en,concept_en,concept_by_project_en,tech_en,process_en,hinder_en,lesson_en,feeling_en
1,ปฏิภาณ ศรีชัย,ฟลุ๊ค,Data Analyst,,,,,"จัดการ data ผ่านโค้ด, process data ในสเกลที่ใหญ่ขึ้นกว่า google sheet, สามารถ automate data ในสเกลใหญ่ หรือจัดการ data ที่ไม่มีโครงสร้างให้มีโครงสร้างได้ เช่น scrape จากแหล่งที่ไม่มีระบบระเบียบ",คือการหาและ process data ตามที่ dev ในโปรเจกต์นั้นๆ ต้องการ ซึ่งธีมของโปรเจกต์นี้คือหนังและแอนิเมชัน,"(เนื่องจากฟลุ๊คทำหน้าที่ Data Analysis เลยให้ลองยกตัวอย่างสิ่งที่ต้องทำในแต่ละงาน)
ในงาน A DECADE of GENRE DIVERSITY ของปุ้ย โจทย์คือโฟกัสที่แอนิเมชันแต่ละ genre ว่าในแต่ละปีมีมากน้อยแค่ไหน เลยต้องไปทำงานกับเว็บที่รวบรวมข้อมูลแอนิเมชันเฉพาะทาง แล้ว scrape ให้ dev เอามาใช้ต่อ
ส่วนงาน How anime popular in the world ของพี่ป๊อบแป๊บ เป็นงานที่นำคะแนนอนิเมะจากญี่ปุ่นมาเทียบกับแอนิเมชันจากประเทศอื่นๆ เนื่องจากเป็นงานแอนิเมชันเหมือนกับงานก่อนหน้านี้ เลยไม่ต้อง scrape ใหม่ แต่เอามาคลีนและจัดระเบียบเพื่อให้ตอบโจทย์ของงานชิ้นนี้
งาน **Anime Industry** ของพี่บาส เป็นงานสามมิติที่โชว์ ประเภท ปี และแท็กของแอนิเมะญี่ปุ่น งานนี้ต้องดึงข้อมูลจากเว็บไซต์อีกเว็บที่รวบรวมอนิเมะญี่ปุ่นไว้โดยเฉพาะ
ส่วนงาน **Disney in Colors** ของพี่คีย์ ต่างไปจากอื่นๆ ตรงนี้โจทย์ของงานนี้เป็นเรื่องสี เปลี่ยนจากวิเคราะห์ text เป็นวิเคราะห์ภาพแทน มีความซับซ้อนตรงที่ต้องใช้ข้อมูลหลายแหล่ง คือต้องนำแหล่งข้อมูลรูปมา join กับฐานข้อมูลตัวละครและปีที่ฉาย
สุดท้าย งาน **Directors' Dialogue** ของพี่ลูกคิด เอาซับไตเติลจากหนังของผู้กำกับ เพื่อดูปริมาณการใช้คำในแต่ละส่วน เพื่อดูว่ามีการใช้คำในแต่ละเรื่องแตกต่างกัน — ใช้เว็บ file subtitle เอา text มาแปลงเป็น csv ","งาน **A Decade of Genre Diversity** ของปุ้ย โจทย์คือโฟกัสที่แอนิเมชันแต่ละ genre ว่าในแต่ละปีมีมากน้อยแค่ไหน เลยต้องไปทำงานกับเว็บที่รวบรวมข้อมูลแอนิเมชันเฉพาะทาง แล้ว scrape ให้ dev เอามาใช้ต่อ/

งาน **How Anime Popular in The World** ของพี่ป๊อบแป๊บ เป็นงานที่นำคะแนนอนิเมะจากญี่ปุ่นมาเทียบกับแอนิเมชันจากประเทศอื่นๆ เนื่องจากเป็นงานแอนิเมชันเหมือนกับงานก่อนหน้านี้ เลยไม่ต้อง scrape ใหม่ แต่เอามาคลีนและจัดระเบียบเพื่อให้ตอบโจทย์ของงานชิ้นนี้/

งาน **Anime Industry** ของพี่บาส เป็นงานสามมิติที่โชว์ ประเภท ปี และแท็กของแอนิเมะญี่ปุ่น งานนี้ต้องดึงข้อมูลจากเว็บไซต์อีกเว็บที่รวบรวมอนิเมะญี่ปุ่นไว้โดยเฉพาะ/

งาน **Disney in Colors** ของพี่คีย์ ต่างไปจากอื่นๆ ตรงนี้โจทย์ของงานนี้เป็นเรื่องสี เปลี่ยนจากวิเคราะห์ text เป็นวิเคราะห์ภาพแทน มีความซับซ้อนตรงที่ต้องใช้ข้อมูลหลายแหล่ง คือต้องนำแหล่งข้อมูลรูปมา join กับฐานข้อมูลตัวละครและปีที่ฉาย/

สุดท้าย งาน **Directors' Dialogue** ของพี่ลูกคิด เอาซับไตเติลจากหนังของผู้กำกับ เพื่อดูปริมาณการใช้คำในแต่ละส่วน เพื่อดูว่ามีการใช้คำในแต่ละเรื่องแตกต่างกัน — ใช้เว็บ file subtitle เอา text มาแปลงเป็น csv ",python ใช้ทั้ง scrape และ process ข้อมูล,"เริ่มจากความต้องการของผู้ใช้ data ว่าเขาต้องการ data แบบไหน จากที่ไหน บางแหล่ง ถ้าไม่จำเป็นต้อง scrape เช่น โหลดได้ หรือดึง API ได้ ก็ไม่ต้องทำ แต่ถ้าต้อง scrape ก็ต้องไปเขียนโค้ดเพื่อดึงออกมา
สิ่งที่อยากรู้จากผู้ใช้ data ก็คืออยากได้แบบไหนและเอาไปใช้ยังไง สำหรับ PM คำถามว่าจะเอา data แบบไหน คือ ให้บอก context ของการนำไปใช้ ว่าเอาไปวิเคราะห์ในมุมไหน บางที PM อาจไม่รู้ว่าจะหาคำตอบด้วยวิธีแบบไหน แต่การทำงานกับ dev สามารถตัด expectation และขั้นตอนบางอย่างได้ เช่น format ของไฟล์ ไม่จำเป็นต้องกังวลมากนัก อาจโยนเป็น json หรือไฟล์ดิบๆ ได้ แต่กับ PM อาจมีอุปสรรคด้านการสื่อสารอยู่บ้าง",เว็บที่ทำงานด้วย บางโปรเจกต์ต้องทำงานกับหลายเว็บไซต์พร้อมกัน บางเว็บไม่ได้ออกแบบให้เราขอข้อมูลได้ง่าย หรือออกแบบมาให้ scrape ยาก เราก็ต้องไปแก้ปัญหาตรงนั้น อุปสรรคอย่างที่สองก็คือความสกปรกของ data เพราะมันสร้างด้วยมนุษย์ บางครั้งมีความไม่สม่ำเสมอ ต้องคอยระวังและดักตรงนั้น,"“เกินดีกว่าขาด” เป็นแนวคิดในการ scrape — แล้วค่อยเอาข้อมูลที่ล้นๆ มาจัดการอีกที
โปรเจกต์เกือบทุกอันใช้การ scrape ข้อคิดคือการออกแบบโค้ดให้ reliable ในงานครั้งนี้หลายครั้งเราทำโค้ดที่มัน one-off คือไม่ได้ออกแบบมาเพื่อให้มันใช้ซ้ำได้ บางครั้ง approach ของเราไม่ได้เป็นแบบที่ reusable พอมีปัญหาขึ้นมา ก็พบว่าต้องมาทำใหม่อีกรอบ บทเรียนคือ ต่อให้มันจะใช้แค่ครั้งเดียว แต่ก็ออกแบบให้ reusable ไว้ก่อนดีที่สุด เพิ่ม effort แค่ประมาณ 20%
สิ่งที่อยากบอก dev ก็คืออยากให้ขอ format data มาอย่างชัดเจน กล้าขอมาตรงๆ เลย จะช่วยได้มาก คุยกันได้ ถ้ามันยากไป อย่างน้อยเราก็บอกได้ ส่วนสิ่งที่อยากบอก PM ก็คือ ขอ context ของงาน ก่อนที่จะทำงานจริงๆ ให้ได้เข้าใจ context มาก่อนจะดีกว่า ไม่งั้นจะไม่รู้ว่าสิ่งที่ดึงมาคืออะไร PM ควรจะเล่าเรื่องให้ฟังอย่างละเอียดก่อนถึงองค์ประกอบต่างๆ เช่น พรก. พรบ. ต่างกันอย่างไร ถ้ามีเวลาอยากให้มานั่งคุยกันเรื่อง domain knowledge",สนุกดีครับ ผมเนิร์ดหนังอยู่แล้ว พอได้ทำ data กับหนังก็ได้ฝึกสกิลปกติไปจับ data ใหม่ๆ ที่สนใจ ชอบอยู่แล้ว ก็ไม่ได้รู้สึกว่าเป็นงานที่ปวดหัว,Patiphan Srichai,Fluke,,"I manage data with code, processing it on a larger scale than you could in Google Sheets. I can automate data stuff on a big scale or take unstructured data and make it organized, like scraping data from messy sources.","(Since Fluke is a Data Analyst, I asked him to give examples of what he does in each project.) In Pui's project, ""A DECADE of GENRE DIVERSITY,"" the focus was on how the popularity of different animation genres changed each year. So, he had to work with a special animation website and scrape the data for the dev to use.  For Poppap's project, ""How anime popular in the world,"" he compared the ratings of Japanese anime with animation from other countries. Since it was also about animation, he didn't have to scrape new data, but he cleaned up and organized the data from the previous project.  For Bas's project, ""Anime Industry,"" which was a 3D thing showing the genre, year, and tags of Japanese anime, he had to pull data from another website specifically about Japanese anime.  Key's project, ""Disney in Colors,"" was different. It was all about the colors, so instead of analyzing text, he analyzed images. This was tricky because he had to use multiple sources, like finding images and then joining that data with character info and release year. Finally, Lookkid's project, ""Directors' Dialogue,"" used movie subtitles to see how often different words were used and if there were differences between movies. He got the text from a subtitle website and converted it to a CSV file.","In Pui's project, ""**A Decade of Genre Diversity**,"" the focus was on how the popularity of different animation genres changed each year. So, he had to work with a special animation website and scrape the data for the dev to use. /

For Poppap's project, ""**How Anime Popular in The World**,"" he compared the ratings of Japanese anime with animation from other countries. Since it was also about animation, he didn't have to scrape new data, but he cleaned up and organized the data from the previous project. / 


For Bas's project, ""**Anime Industry**,"" which was a 3D thing showing the genre, year, and tags of Japanese anime, he had to pull data from another website specifically about Japanese anime. /

Key's project, ""**Disney in Colors**,"" was different. It was all about the colors, so instead of analyzing text, he analyzed images. This was tricky because he had to use multiple sources, like finding images and then joining that data with character info and release year. /

Finally, Lookkid's project, ""**Directors' Dialogue**,"" used movie subtitles to see how often different words were used and if there were differences between movies. He got the text from a subtitle website and converted it to a CSV file.",I used Python for both scraping and processing the data.,"It began with figuring out what the data users needed and where to get that data. Some sources didn't require scraping, like if I could download the data or use an API. But if we had to scrape, then I wrote the code to extract it. I also needed to know from the data users what format they wanted the data in and how they were going to use it. For the PM, asking ""what kind of data do you need?"" means understanding the context of how it will be used and what kind of analysis they're doing. But working with a developer can help cut down on expectations and steps. For example, I don't need to worry too much about the file format; it can be a JSON or even a raw file. But there can be some communication barriers with PMs.","Some projects required working with multiple websites at the same time, and some weren't designed to make it easy to get data or were difficult to scrape. So, I had to find workarounds for that. The second obstacle was dealing with messy data. Because it's human-generated, sometimes there are inconsistencies, and I had to be careful and account for those.","""Better to have too much than not enough"" was my approach to scraping — and then deal with the extra data later. Almost all of my projects involve scraping. One lesson I learned is to design code for reliability. In this project, I often wrote one-off code that wasn't designed to be reused. Sometimes my approach wasn't reusable, so when problems came up, I had to start over. The lesson is, even if you're only going to use it once, design it to be reusable from the start. It only takes about 20% more effort. For developers, I'd say ask for a clear data format upfront. Be direct about it. It will help a lot. You can always discuss it. If it's too difficult, at least you've communicated that. For PMs, I'd say ask for the context of the project before starting the actual work. It's better to understand the context first; otherwise, you won't know what you're extracting. PMs should explain the story in detail before getting into the specific components, like how different regulations and laws are different. If there's time, it would be great to sit down and discuss the domain knowledge.","It was fun! I'm a movie nerd, so working with movie data allowed me to practice my usual skills and explore new data that I'm interested in. I didn't find it stressful at all."
2,ชลธิชา หลี่,ปุ้ย,Front-end Intern,A Decade of Genre Diversity,a-decade-of-genre,#animation #genre #year,ย้อนรอย 24 ปี เส้นทางแอนิเมชัน เปรียบเทียบสัดส่วนการผลิตแอนิเมชันในแต่ละหมวดหมู่,ชอบ front-end ถนัดมากกว่าส่วน back-end — เอนจอยกับทั้งทำให้ตรงกับ UI และการเขียนฟังก์ชัน,เป็นเด็กฝึกงาน เป็นงานที่สอง ต่อจากโปรเจกต์ที่ทำคู่กับพี่ป๊อปแป๊บ งานนี้ได้ขึ้นทั้งดีไซน์และขึ้นเว็บเอง ,อยากนำเสนอสิ่งที่น่าสนใจและเราชอบด้วย เราสนใจเรื่องหมวดหมู่อนิเมชัน อยากรู้ว่าในอุตสาหกรรมนี้เลือกที่จะนำเสนอหมวดหมู่ไหนในคนดูมากที่สุด ตั้งแต่ปี 2000-2023 สิ่งที่ค้นพบก็คือหมวด family เยอะมาก ทั้งที่ตอนแรกคิดว่าเป็นแฟนตาซีหรือ action,,ใช้ astro เป็นฐานเพื่อให้ dev ใช้เฟรมเวิร์กที่ต่างกันได้หลายแบบ ส่วนงานตัวเองใช้ vue เพราะอยู่กับมันมานาน คอมฟอร์ตประมาณหนึ่ง แต่คนอื่นๆ อาจจะใช้ reactในโปรเจกต์นี้เหมือนกัน,เริ่มต้นคือ Tech Lead ซึ่งคือพี่ลูกคิดบอกว่าอยากทำอะไร จากนั้นก็คิด topic แล้วส่งให้ Data Analyst คือฟลุ๊คจัดการเตรียมข้อมูลให้ เมื่อได้ข้อมูลที่ต้องการแล้ว ก็ไปเลือก data viz ที่ต้องการ ศึกษาเรื่องชาร์ตต่างๆ ดู พอได้ดีไซน์ที่อยากจะทำก็ลงมือทำเลย,อย่างแรกคืออนิเมชันมีหมวดหมู่ที่ประหลาด ไม่ได้แบ่งตามที่เราคิด บางอันใส่แค่คำว่า animation แต่ไม่ได้มีหมวดหมู่บ่งบอก ก็ต้องตัดออกไป ส่วนในเรื่องเทคนิค มีเรื่อง zoom ที่ยังไม่สมูธ เราใช้ d3 แล้วอยากให้ซูมได้และขยับไปตามเมาส์ได้ โค้ดโฟกัสที่การซูมและการขยับ แต่มันกลับเด้งออกไป อาจต้องใช้เวลาศึกษาปัญหาให้ลึกกว่านี้ และเรื่องดีไซน์ ตอนแรกมึนเลยว่าต้องทำยังไงให้แปลกใหม่และเข้ากับข้อมูล งานนี้ได้คำแนะนำจากดีไซเนอร์เยอะ ว่าทำแบบไหนถึงจะน่าสนใจขึ้น ตอนแรกที่คิดในหัวมันยังไม่ว้าวพอ,พอทำงานอย่างงี้ต้องมีภาพในหัวชัด ต้องมีเป้าชัดๆ จริงๆ ว่าเราจะทำเรื่องไหน คนดูจะทำอะไรกับงานนี้ได้บ้าง ถ้าเป้าไม่ชัด เราต้องเติมไปเรื่อย ทำไปเรื่อย ก็อาจจะใช้เวลาเยอะ พอเป็นเรื่องหนังที่ต้องใช้หลายเว็บ ก็อาจจะยุ่งยาก ถ้ามี source ที่เหมาะๆ ก็น่าจะใช้แหล่งนั้นไปเลยมากกว่า,สนุกนะ เพราะปกติเป็น dev ก็ทำตามดีไซน์ คราวนี้ได้มาดีไซน์เองด้วย แต่มันอาจจะยากนิดนึง โดยรวมเอนจอยกับโปรเจกต์นี้ ยกเว้นเรื่องซูม อะไรที่แก้ไม่ได้แล้วมันรู้สึกแปลกๆ,Chonticha Li,Pui,Retracing the 24-Year Journey of Animations: Comparative Analysis of Genre Distribution in Animation Production,I'm more of a front-end person. I'm better at that than back-end stuff. — I really enjoy making things match the UI and writing functions.,"I wanted to present something cool that I'm also into. I'm really interested in animation, so I wanted to find out which genres were the most popular from 2000 to 2023.  Turns out it's family movies. I thought it would be fantasy or action, but nope, family stuff.",,We used Astro as the foundation so that everyone could use their preferred framework. I personally went with Vue because I've been using it forever and it's super comfortable for me. But some of the others used React for this project.,"It started with our Tech Lead, Lookkid, telling us what he wanted us to do. Then I thought about the topic and passed it on to Fluke, our Data Analyst, to gather the data. Once I had what I needed, I chose the data visualizations I wanted, researched different chart types, and then just dove in and started designing.","The first thing was that the animation categories were weird. They weren't divided the way I expected. Some were just labeled ""animation"" without any specific genre, so I had to leave those out. On the technical side, there's the zoom function, which isn't very smooth yet. I'm using D3, and I wanted to be able to zoom and pan with the mouse. The code focuses on zooming and panning, but it keeps bouncing around. I might need to spend more time figuring out that problem. And then there's the design. At first, I was totally lost on how to make it unique and fit the data. I got a lot of advice from the designers on how to make it more interesting. My initial ideas weren't impressive enough.","When you work on something like this, you need to have a clear picture in mind, a really specific goal, about what you're trying to do and how people will interact with it. If the goal isn't clear, you end up adding things and making changes as you go, which can take a lot of time. When it comes to movies and having to use multiple websites, it can get complicated. If there's a good source available, it's better to stick with that.","It was fun because usually as a dev, I just follow the design. This time I got to do the design myself, but it was a bit challenging. Overall, I enjoyed this project, except for the zoom issue. It feels weird when there's something you can't fix."
3,วรวิทย์ เริงรื่น,บาส,Front-end Developer,Anime Industry,anime-industry,#manga #subgenre #year,ชาร์ตแบบ 3 มิติ แสดงให้เห็นการเปรียบเทียบอันซับซ้อนระหว่างฤดูกาล ปี และหมวดหมู่ย่อยของอะนิเมะที่ผลิตโดยสตูดิโอหลากหลายสตูดิโอของญี่ปุ่น,เรื่องการครีเอท front-end viz ที่ค่อนข้างคล่องแคล่ว ส่วนใหญ่ก็คือตามดีไซเนอร์สร้างสรรค์มาอย่างสุดฝีมือ แล้วเราก็ทำให้ตรงกับดีไซน์,,"ตอนนั้นสโคปหลักคืออนิเมะหรือหนัง หรืออะไรก็ตามที่เกี่ยวกับอุตสาหกรรมหนัง ส่วนตัวชอบอนิเมะญี่ปุ่น ดูมาเยอะ เลยรู้สึกว่ามีเทรนด์บางอย่างที่เกิดขึ้นในอนิเมะ เช่นแอคชันที่ถูกผลิตซ้ำมาเรื่อยๆ เช่น แนวโชเนน พักหลังมีแนวอีกแนวที่โผล่มาเยอะ คืออิเซไก และ reincarnation คือเราตายในโลกนี้แล้วไปเกิดอีกที่นึง ซึ่งเกิดในช่วง 4-5 ปีนี้ค่อนข้างเยอะ เลยอยากรู้ว่ามันเพิ่มขึ้นมาเท่าไหร่ 
เราดูอนิเมะอยู่แล้วก็มีสมมติฐานเบื้องต้น เห็นอยู่ว่าอะไรมากขึ้นและผลิตมากขึ้น สาเหตุที่นำเสนอเป็น 3 มิติ คือเป็นการทดลองล้วนๆ ถือเป็นเทคนิคใหม่ เพราะปกติเราทำแบบ 2D เลยอยากทดลองวิธีการว่ามันจะออกมาเป็นยังไง ออกมาได้เป็น area chart ที่เป็น stack ใน dimention นึง ส่วนที่ทำให้หมุนไปเรื่อยๆ เพื่อจะได้ให้ user รู้ว่ามันหมุนได้",,base เลยคือ D3 คือตัวจัดการข้อมูลและตัว viz  ใช้ในการ transform ข้อมูลบางส่วน จากนั้นก็ generate viz แบบ 2Dได้มาเป็น area chart แล้วนำตัว 2D ไป render เป็น 3D ในส่วน 3D เราใช้ lib Three.js,"เราคิดในเชิงข้อมูล อนิเมะจะมีข้อมูลราย season คือปีนึงมี 4 ซีซัน และข้อมูลก็ย้อนไปได้ถึง 1990 ซึ่งให้ฟลุ๊คเป็นคนรวบรวมให้ พอเวลา render เราก็กะว่าใน 3d space เราจะวางเป็นไทม์ไลน์ว่าในซีซันนี้มีเท่าไหร่ มี genre อะไรบ้าง แต่พอลองทำดูแล้วคิดว่าน่าจะใช้ category เป็นตัวแยกมากกว่า
เราทำให้สามารถฟิลเตอร์รายสตูดิโอได้ จะได้รู้ว่าสตูดิโอนั้นผลิตแนวไหนเท่าไหร่ อะไรขายดี ตอนนี้กำลังปรับแก้ และบางส่วนที่ไฮท์ไลต์ข้อมูล ถ้ายังไม่รู้ insights ก็ยังดูไม่ออก เลยอาจจะมีการเน้นสีหรือสรุปข้อมูลให้เป็นตัวเลขเพิ่มเติมขึ้นมา",เป็นเรื่องดีไซน์ ตอนที่ลูกคิดแนะนำให้เปลี่ยนแกน ก็มึนๆ เพราะเราจินตนาการตามสมมติฐานของเรามา พอลองเอาข้อมูลมาวางจริงๆ แล้วก็ต้องเปลี่ยน เพื่อให้มันสื่อสาร เราไม่ได้ถนัดมาก,เอ่อ 3D อาจจะแค่สนุกเฉยๆ ครับ (หัวเราะ) แต่อาจจะไม่ค่อยสื่อเท่าไหร่ อาจจะใช้ในประโยชน์อื่นได้ แต่ในฐานะ dev ก็พอทำได้ จัดมาเลย,สนุกดีครับ ได้ explore ดี แต่ถ้าจะทำอีก มันอาจจะไม่ได้จบที่เรา เราต้องรบกวนฟลุ๊ค แต่เราไม่ได้คลีนหรือทำอะไรมากไปกว่านั้น ซึ่งมันอาจจะมีอะไรที่น่าทำอยู่ ในตัวกระบวนการอื่นๆ อาจมีผู้เชี่ยวชาญที่ทำให้มันสุดกว่านี้ได้ หรือในเชิงดีไซน์เราก็ดีไซน์แบบบ้านๆ ถ้าดีไซเนอร์สล็อตว่างก็น่ามาช่วย redesign ได้ อาจจะไม่ต้องใช้ effort เยอะ,Worawit Roengruen,Bas,"A 3D visualization showing a complex comparison between seasons, years, sub-genres of anime produced by various Japanese studios.","I'm pretty good at creating front-end visualizations. Usually, I take the awesome designs that the designers come up with and make them a reality.","At the time, the main scope was anime, movies, or anything related to the film industry.  Personally, I'm a big fan of Japanese anime, and I've noticed some trends, like the constant stream of action shows, especially shonen anime. Lately, there's been a surge in another genre: isekai and reincarnation, where you die in this world and are reborn in another. This has become really popular in the last 4-5 years, so I wanted to see just how much it had grown.  Since I watch anime regularly, I already had some initial assumptions. I could see what was becoming more popular and what was being produced more. The reason I presented it in 3D was purely experimental. It was a new technique for me. I usually work in 2D, so I wanted to try something different and see how it would turn out. It ended up as an area chart with stacks in one dimension. I made it rotate so users would know they could interact with it.",,"The base was D3, which I used for data management and visualization. I used it to transform some of the data and then generate a 2D area chart. Then, I used the Three.js library to render the 2D chart in 3D.","I was thinking in terms of the data. Anime data is organized by season, with four seasons per year, and the data goes all the way back to 1990. Fluke gathered all of that for me. When it came to rendering, I planned to lay it out in 3D space as a timeline, showing how many anime were in each season and what genres they were. But after trying that, I thought it would be better to separate them by category. I made it possible to filter by studio, so you can see how many of each genre a studio produces and what sells well. I'm currently making some adjustments. Some parts highlight the data, but if you don't already know the insights, it might not be clear, so I might add some color emphasis or summarize the data with numbers.","The design was a challenge. When Lookkid suggested changing the axis, I was a bit confused because I had been visualizing it based on my own assumptions. But when I actually put the data in, I realized I needed to change it to make it communicate effectively. It's not my strongest area.","Uh, 3D might just be for fun (laughs). But it might not be very informative. It could be useful for other things, but as a developer, I can do it, so bring it on.","It was fun. I got to explore a lot. But if I were to do it again, it might not end with me. I would need to ask Fluke for help, but I wouldn't be cleaning or doing much beyond that, which might leave some things unexplored. In other parts of the process, there might be experts who could take it further. And in terms of design, I just did a basic design. If the designers had free time, it would be great if they could help redesign it. It might not take much effort."
4,วิถี ภูษิตาศัย,ลูกคิด,Technical Lead,Directors' Dialogue,directors-dialogue,#movie #wordcount #sentiment,วิเคราะห์สไตล์เฉพาะตัวของผู้กำกับแต่ละคนผ่านบทสนทนาในภาพยนตร์ของพวกเขา คัดเลือกจากผู้กำกับที่มีความหลากหลายทางเชื้อชาติและมีผลงานเป็นที่คุ้นเคย สร้างสรรค์ออกมาเป็นชาร์ตเปรียบเทียบบทสนทนาในภาพยนตร์แต่ละเรื่อง โดยยึดจากซับไตเติลภาษาอังกฤษ (หรือคำแปลภาษาอังกฤษ หากต้นฉบับเป็นภาษาอื่น),เราเป็นเป็ดฝั่ง dev คิด แต่งานที่เป็น viz และ front-end คือส่วนที่ชอบที่สุด มองเห็น จับต้องได้ แสดง data ออกมาให้เห็นได้,,"ธีมเป็นเรื่องหนัง เป็นโปรเจกต์ที่พยายามปล่อยจอยแล้ว data driven จริงๆ ไม่เหมือนโปรเจกต์อื่นที่มันอาจจะมีธงอยู่แล้วว่าข้อสรุปน่าจะเป็นอย่างนั้น เราอยากคุ้ย data เรื่อง subtitle และเป็นโปรเจกต์ที่ไม่มั่นใจที่สุดว่าเจอข้อสรุปอะไร ได้ลองใช้เวลากับมันจริงๆ เป็นครั้งแรก ซึ่งก็มีความเป็นวิทยาศาสตร์ คือการตั้งสมมติฐาน ลอง viz มาเร็วๆ แล้วลองพลิกๆ เพื่อดูว่าอะไรน่าสนใจ และจะกลายประเด็นหลักของงาน
งานนี้ได้ใช้ viz สองตัวที่เป็นโหมดซูมอิน ซูมเอาต์ด้วย",,challenge ตัวนึง คือจะใช้เทคโนโลยีที่เรียบง่ายที่สุด มีแค่ d3 ที่เอามาใช้ ส่วนที่เหลือคือเบสิก โจทย์ของเราคือ “มาลองทำ viz ตัวนึง โดยใช้อะไรที่เรียบง่าย” เพราะบางครั้งการมีเยอะโดยไม่จำเป็นก็อาจส่งผลต่อประสิทธิภาพของเว็บ และbuild it from scratch จริงๆ จะทำให้ได้เรียนรู้จากการทำเองได้มากกว่าการไปหยิบสิ่งที่คนทำไปแล้ว,"เริ่มต้นจาก dataset ก่อน ยังไม่รู้ว่าโจทย์คืออะไร แต่ให้ฟลุ๊คไปโหลดดาต้ามาตาม criteria ตามที่กำหนด โดยมีสมมติฐานว่ามีลายเซ็นของผู้กำกับแต่ละคนอยู่ในซับไตเติล โดยเลือกจากหนังที่เราเคยดู มาลิสต์ให้ฟลุ๊คลองกวาด data มาก่อน โดยใช้กระบวนการ eda หรือ exploratory data analysis คือลองกวาดข้อมูลมาลองพลิกดูว่ามันจะทำอะไรได้บ้าง ตั้งสมมติฐาน แล้วลองพล็อตดูแบบเร็วๆ ไม่เน้นความสวยงาม จนกว่าจะเห็นมุมที่น่าสนใจ 
จนเจอว่าแต่ละคนใช้คำต่อนาทีเป็นยังไง เช่น หนังไซไฟใช้คำเยอะมาก เพราะต้องอธิบายให้คนดู หรือบางคนพูดเยอะ แต่ก็มีจังหวะหยุดเยอะ ส่วนหนังอินเดีย แทบไม่มีนาทีไหนที่ไม่มีใครไม่พูดเลย เลยพบว่านี่แหละคือสิ่งที่เราจะดึงไปใช้ เกณฑ์ในการเลือกผู้กำกับคือ เคยดู ชื่นชอบ และหลากหลาย แม้จะมีอยู่ในหัวคร่าวๆ แต่พล็อตออกมาแล้วมีอะไรที่น่าสนใจกว่าที่คิดเอาไว้ เช่นหนังอินเดีย
จากนั้นก็ออกแบบ UI แบบคร่าวๆ เพื่อเอาไป dev ต่อ ใช้เวลากับส่วนวิเคราะห์ข้อมูลนี้ประมาณ 3 วัน และ dev เว็บ 3 วัน","ตอนแรกหยิบผู้กำกับที่ชอบมาเท่านั้น แต่ปรากฏว่ามันขาด representation บางอย่าง เช่น เชื้อชาติ หรือประเภทหนัง พอพล็อตมาตอนแรกแล้วพบว่าตัวเองเลือกมาแต่ผู้กำกับที่พูดเยอะ
อุปสรรคอีกข้อก็คือการทำความสะอาด subtitle เนื่องจากมันไม่ได้เป็นแค่ dialog แต่มันมีโฆษณาและเครดิตคนแปลด้วย เราก็ต้องหาทางตัดมันออกด้วย",การทำงานสไตล์ data driven มันดีตรงที่เราได้ insights จาก data จริงๆ แล้วค่อยเอามานำเสนอ ไม่เหมือนกับการทำงานแบบมีธง แล้วพบว่า fail คือมันไม่ได้น่าสนใจอย่างที่คิด แต่ก็ยังมาหาทางทำให้มันน่าสนใจกันทีหลัง นี่เป็นจุดเด่น แต่ข้อเสียคือเราต้องเพิ่มเวลาในการวิเคราะห์ คิดว่าน่าจะย้ายเวลาปรับปรุงในส่วนท้ายมาใส่ในส่วนต้นแทน แต่ต้องมีสกิลในการเล่นกับ data พอสมควร เชียร์ให้ทุกคนลองทำงานกับฟลุ๊ค ซึ่งอาจจะต้องมีการทำงานกันกลับไปกลับมา,"สนุก เป็นนิสัยส่วนตัวอยู่แล้วที่หาทำ แต่เห็นประโยชน์ว่าได้นำอะไรมาแชร์กับทีม ดีใจและภูมิใจที่คนในทีมทำงานออกมาได้ และเห็นกันและกันชัดขึ้นว่าใครถนัดอะไร ชอบอะไร หรือไม่ชอบอะไร บางคนได้เห็นว่าตัวเองชอบอะไรที่มากกว่าการ dev และจะได้ไปฝึกตรงนั้น

ตัวงานของแต่ละคนอาจไม่เว่อร์วัง เพราะเวลาที่จำกัดและความไม่ถนัด แต่ในมุม learning มันก็เป็นโปรเจกต์ที่คุ้มค่ากับเวลาที่เสียไป และน่าทำต่อในอนาคต",Withee Poositasai,Lookkid,"Could we see some director' styles by analyzing their dialogue? From the directors with diverse nationalities whom I am familiar with, here are the visualization of their movies' dialogue based on English subtitles (translated if not originally in English).","I'm kind of a jack-of-all-trades when it comes to dev work, but I really love viz and front-end stuff the most. It's something you can actually see and interact with, and it's a way to really show the data.","The theme was movies. This project was a real attempt to let go and be truly data-driven. Unlike other projects where you might already have an idea of what the conclusion will be, I wanted to dig into the subtitle data. It was the project where I was least sure about what I would find.  For the first time, I really took the time to explore the data. It was a scientific approach: making hypotheses, quickly creating visualizations, and then trying different things to see what was interesting and what could become the main focus of the project.  In this project, I used two visualizations with zoom in and zoom out modes.",,"I only used D3, and the rest was basic stuff. My challenge was, ""Let's try to make a visualization using only simple tools."" Sometimes, having too much unnecessary stuff can affect the website's performance. And building it from scratch really allows you to learn more than just using something someone else has already made.","I started with the dataset before I even knew what the question was. I had Fluke download the data based on the criteria I set, with the assumption that each director's signature would be present in the subtitles. I chose movies I had seen and made a list for Fluke to scrape data from. I used an EDA (exploratory data analysis) process, which means I gathered the data and explored it to see what we could do with it. I made hypotheses and quickly plotted the data without focusing on aesthetics until we found something interesting. I discovered patterns in how many words per minute each director used. For example, sci-fi movies use a lot of words because they have to explain things to the audience. Some directors talk a lot but also have a lot of pauses. And in Indian films, there's almost never a moment of silence. I realized this was what I wanted to focus on. The criteria for choosing directors were that I had seen their movies, liked them, and that they represented a diverse range. Even though I had a rough idea in mind, the chart revealed things that were more interesting than we expected, like the patterns in Indian films. Then, I created a rough UI design to use for development. I spent about three days on the data analysis and another three days developing the website.","At first, I only included directors I liked, but it turned out that it lacked representation in terms of ethnicity and movie genres. When I first plotted the data, I realized I had only chosen directors who talked a lot. Another obstacle was cleaning up the subtitles. They weren't just dialogue; they also included ads and translator credits, so I had to find a way to remove those.","The good thing about working in a data-driven way is that you get real insights from the data and then present them. It's different from working with a predetermined conclusion and then finding out it fails because it's not as interesting as you thought, and then trying to make it interesting after the fact. That's the advantage. But the downside is that you need to add more time for analysis. I think it would be better to shift the time spent on revisions from the end to the beginning. But you need to have decent data skills. I encourage everyone to try working with Fluke, even though it might involve going back and forth a bit.","It was fun. I'm always looking for things to do, but I also saw the benefit of being able to share something with the team. I'm happy and proud that the team was able to produce this work, and it helped us see each other more clearly in terms of what we're good at, what we like, and what we don't like. Some people realized that they enjoy things beyond development, and now they can focus on improving those skills. The individual projects might not be super impressive because of the time constraints and lack of experience, but from a learning perspective, it was a worthwhile project, and we should continue doing this in the future."
5,ณอนงค์ สำเร็จวิทย์,คีย์,Front-end Developer,Disney in Colors,disney-in-colors,#color #character #year,โปรเจกต์นี้รวบรวมข้อมูลภาพของตัวละครดิสนีย์ระหว่างปี 1937-2024 เพื่อวิเคราะห์และเปรียบเทียบชุดสีที่ใช้ในการออกแบบตัวละครฮีโร่และตัวร้าย เพื่อสังเกตแนวโน้มการใช้สีและความหลากหลายของการใช้สีในแต่ละปี เผยให้เห็นว่าสีใดเชื่อมโยงกับความดีและความชั่วจากมุมมองของผู้สร้างสรรค์การ์ตูนดิสนีย์,หลักๆ ทำงานฝั่ง front-end ทำตามที่ดีไซเนอร์ออกแบบ สิ่งที่ถนัดคือใช้ CSS สร้างเลย์เอาต์ สร้าง element ต่างๆ หรือทำ styling แปลกๆให้ตรงตามดีไซน์,,"โปรเจกต์นี้ พอลูกคิดบอกว่าจะมีสิ่งนี้ คือได้ออกแบบและ dev ด้วยตัวเองก็รู้สึกดีใจมาก เป็นงานที่เฝ้ารอมาตลอด ปกติเราทำตามคนอื่นตลอดเวลา แต่คราวนี้ได้ทำตามสิ่งที่ตัวเองคิด บางทีที่ดีไซเนอร์คิดมา เราอาจเสนออะไรที่มีตามกรอบประมาณหนึ่ง แต่งานนี้กรอบมันกว้างมาก มันเริ่มจากกระดาษเปล่าๆ ที่เราอยากใส่อะไรลงไปก็ได้
งานนี้เป็นธีมหนังและแอนิเมชัน ตอนที่ฟังโจทย์ก็อยากทำอะไรเกี่ยวกับดิสนีย์ เพราะชอบดู และสิ่งที่สนใจคือตัวละครต่างๆ ในดิสนีย์ แต่ก็คิดว่าจะแมตช์กับเรื่องอะไร มิติอะไรดี สุดท้ายก็มาจบที่เรื่องสี อยากรู้แนวโน้มการใช้สีของตัวละครดิสนีย์แต่ละปี แบ่งเป็นฝั่งตัวดีและตัวร้าย อยากรู้ว่าในแต่ละปีมีหลักในการแบ่งสีแต่ละฝั่งยังไง มีแนวโน้มการใช้สียังไง เมื่อก่อนตัวร้ายอาจจะเป็นสีดำ สีม่วง ปัจจุบันตัวร้ายน่าจะมีการใช้สีที่หลากหลายขึ้น อยากนำสิ่งนี้มา viz เพื่อดูว่าหน้าตาข้อมูลมันจะเป็นอย่างที่เราคิดจริงหรือเปล่า",,"ใช้ Vue คือสิ่งที่ตัวเองถนัดอยู่แล้ว เพราะว่าอยากลงไปในเรื่องดีไซน์และการหาข้อมูลมากกว่า อยากสนุกกับพื้นที่ตรงนี้มากกว่าส่วน dev ในเชิง dev ไม่ได้มีอะไรใหม่มาก สุดท้ายก็มาจบที่ stack bar chart ธรรมดา แต่ก็อาจจะตอบโจทย์ที่สุดกับสิ่งที่เราอยากเล่า การเลือก viz ก็เลยทำให้เราไม่ต้องใช้ tech อะไรที่มันล้ำมาก
จริงๆ ก็มีหลายอย่างที่ใหม่ในงานนี้ เช่น การคิดโจทย์ คิดประเด็นว่าอยากสื่อสารอะไรให้คนอ่านเห็น และในเรื่องของดีไซน์ว่าจะคิด viz ยังไง ใส่ลูกเล่นหรือองค์ประกอบอะไรลงไปในงาน","เริ่มแรก ตั้งโจทย์ แล้วก็หาแหล่งข้อมูล หลักๆ จะใช้สีจากตัวละคร เลยต้องหาฐานข้อมูลที่มีชื่อและรูปของตัวละครเพื่อให้ฟลุ๊คไป scrape รูป เรื่องที่อยากเล่าคือฝั่งตัวดีและตัวร้าย ก็เลยต้องไปหาชื่อของตัวละครที่มีการระบุว่าเป็นฝั่งดีและฝั่งร้าย ส่วนข้อมูลอื่นๆที่ใช้ในงาน แต่ละรายการต้องหาจากคนละแหล่งที่มากัน เช่น รายชื่อหนัง ปี การระบุว่าเป็นตัวดีหรือตัวร้าย เลยให้ฟลุ๊คช่วยนำข้อมูลจากแต่ละที่มารวมกันเป็นหนึ่งชีต
ในขั้นตอนดีไซน์ งานนี้ใช้เป็น stack bar chart เรียงข้อมูลลงมาเป็นแถวตามปี แยกฝั่งซ้ายขวาเป็นฝั่งตัวดีกับตัวร้าย เพื่อให้เห็นความแตกต่างหลากหลายของการใช้สี ที่ตั้งใจไว้ เราอยากทำงานแบบดีไซเนอร์จริงๆ คือทำดราฟต์ใน figma แล้วค่อยมา dev ตามแบบที่เราออกแบบไว้จริงๆ แต่พบว่าเราไม่ได้ถนัด figma บางทีการคิดมันตันไปต่อไม่ได้ และค่อนข้างช้าด้วย สุดท้ายเลยมา dev ก่อน แล้วมาเติมแต่งต่อใน phase ของ dev เรารู้สึกว่ามันง่ายกับเรามากกว่า เช่น ป็อปอัป ซึ่งเราไม่ได้ขึ้นใน figma เลย แต่มาใส่ในกระบวนการ dev เลย มันหาทางจบได้ง่ายกว่า เร็วกว่า สรุปคือใช้ figma แค่คร่าวๆ แบบสุดๆ","ลูกคิดตั้งไว้ว่าอยากให้ทำอะไรใหม่ๆ สิ่งที่ยากคือตรงนี้แหละ เราพยายามหาอะไรใหม่ๆ เราติดกับคำนี้มาก คิดว่าต้องเป็นชาร์ตที่ PU ไม่เคยทำ เพื่อที่ทำงานนี้ออกไป ทีมจะได้เห็นอะไรบ้าง แต่สุดท้ายก็จบที่ stack bar chart ก็กลัวว่าคนอื่นจะเซงหรือเปล่า ที่มันดูธรรมดา แต่ลูกคิดบอกว่ามันก็ได้เรียนรู้เรื่องการใช้สีนะ งานของ Punch Up ก็ไม่เคยทำเรื่องสีมาก่อน
เรื่องสีก็เป็นอุปสรรคในการทำงาน เราอยากแสดงสี สุดท้ายต้องมาเรียงลำดับ ไล่สีให้ผู้อ่านเห็นง่ายๆ ที่สุด พอใช้โค้ดลองดึงสีด้วยตัวเอง ก็พบว่ามองยากมาก สีมันมีหลายค่า มี hue, saturation, brightness เราต้องใช้เวลาทำความเข้าใจ logic ของการไล่สี ประมาณหนึ่ง ตอนแรกเราใช้สีจริงจากภาพมาทำ ส่วนใหญ่มันค่อนข้างหม่น และเมื่อการเรียงลำดับแล้วก็ยังมองยากอยู่ เราก็เลยต้องเพิ่มอีกโหมดมาให้มองเฉพาะสีหลักคือค่า hue ซึ่งคือสีที่ไม่ได้ผสมสีอื่นเข้าไป เพื่อให้ผู้อ่านเห็นแล้วทำความเข้าใจได้ง่ายกว่า
ตอนแรกก็ไม่ค่อยเข้าใจวิธีการเรียงสี อย่างสีทึมๆ เราก็ต้องมาเปลี่ยนให้อยู่ในกลุ่มสีดำ เพื่อให้รูปแบบสีออกมาดูง่ายสำหรับคนอ่าน
พอเรารู้สึกว่าเรายังไม่ได้ใส่ความสามารถอะไรใหม่ๆ ในงาน เลยพยายามดึงสีจากภาพด้วยตัวเองที่ front-end จริงๆ มันทำได้แหละ แต่มันหนักมากและทำให้เว็บช้า สุดท้ายก็ไปขอให้ฟลุ๊คทำให้ ทั้งที่ตอนแรกฟลุ๊คก็เสนอว่าจะทำให้ แต่เราคิดว่าอยากทำอะไรเองบ้าง ไม่ใช่ว่ารอข้อมูลเฉยๆ ตอนดึงสีมาจากภาพ มันมีสีแบ็กกราวด์มาด้วย ทั้งที่เราไม่ได้อยากนำเสนอสีพื้นหลัง ตอนแรกสิ่งที่ได้มาเลยไม่ตรงกับความหมายที่เราคิดไว้ เลยต้องให้ฟลุ๊คช่วยใช้เทคนิคตัดแบ็กกราวด์ออกและดึง pallete สีออกมา น่าจะทำให้ข้อมูลออกมาหน้าตาชัดขึ้น","สิ่งที่รู้สึกทำได้ไม่ดีคือการคุยงานกับฟลุ๊ค แวบแรกเราบอกโจทย์ไปประมาณหนึ่ง แต่คิดไปเองว่าสิ่งไหนที่เราทำเองได้ ก็เลยไม่ได้บอกให้เขาทำ หรือไม่ได้อ่านที่มาข้อมูลให้ดีก่อนส่งให้ฟลุ๊ค ไม่ได้ละเอียดกับการหาข้อมูลเท่าที่ควร สุดท้ายก็ต้องส่งแหล่งข้อมูลที่ดีกว่าไปให้ทำใหม่ ซึ่งอาจจะทำให้ฟลุ๊คทำงานยากหน่อย คิดว่าถ้าเราสื่อสารเคลียร์แต่แรกก็น่าจะทำให้ฟลุ๊คทำงานได้ง่ายกว่านี้ บอกว่าเราอยากได้อะไร หรือโจทย์ของเราคืออะไร
ตอนที่เราออกแบบโดยไม่เห็นข้อมูลจริง เพราะข้อมูลยังไม่คลีน เช่น สีตัวละครยังไม่ถูกต้อง ถ้าเห็นข้อมูลไม่ครบ แล้วนำข้อมูลมา viz ก่อน มันจะมองยากว่าเราจะได้ insights อะไรจาก viz นี้ คงจะดีถ้าเราบอกฟลุ๊คให้ทำข้อมูลมาถูกแต่แรก ก็น่าจะทำให้เรานำข้อมูลที่ถูกมาเล่น มาดีไซน์ได้มากกว่านี้ เล่าอะไรได้ตรงและเข้าใจง่ายกว่านี้",ชอบค่ะ (ยิ้ม) ชอบมาก เป็นงานที่ทำให้เรารู้สึกว่าไม่ได้ dev แบบมีความสุขแบบนี้มานานมาก แต่ไม่ใช่ว่างาน PU ไม่สนุกนะ (หัวเราะ) เรานั่งทำไปได้เรื่อยๆ จนไม่ได้สนใจอะไรเลย อยากเติมโน่นเติมนี่ ทำต่อได้ไม่มีวันจบ นั่งทำไปก็ได้เห็นมิติอะไรใหม่ๆ คิดต่อได้เรื่อยๆ เพราะเราอินกับมันแต่แรก สนุกและได้ใช้ความคิดสร้างสรรค์อย่างเต็มที่,Naanong Samretvit,Key,"This project compiles visual data of Disney characters from 1937 to 2024 to analyze and compare the color schemes of hero and villain characters. It aims to observe color trends and diversity over the years, revealing which colors are associated with good and evil from the perspective of Disney's creative storytellers.","I mainly work on the front-end side, bringing the designer's vision to life. I'm really good at using CSS to create layouts, build different elements, and do all sorts of cool styling to match the design perfectly.","When Lookkid told me about this project, I was super excited to design and develop it myself. It was the kind of project I had been waiting for. Usually, I'm always following someone else's lead, but this time I got to follow my own ideas. Sometimes, when a designer gives me an idea, I might suggest something within certain limits. But in this project, the possibilities were wide open. It started with a blank canvas, and I could put whatever I wanted on it.  The theme was movies and animation. When I heard the theme, I immediately thought about Disney because I love watching Disney movies. I was interested in the different characters, but I wasn't sure how to approach it or what dimensions to explore.  Finally, I settled on color. I wanted to see how the use of color for Disney characters changed over the years, both for heroes and villains. I wanted to know if there were any rules for how colors were used for each side and how those trends evolved.  In the past, villains might have been black or purple, but now they probably use a wider range of colors. I wanted to visualize this to see if the data actually supported my hunch.",,"I used Vue, which is my go-to because I wanted to focus more on the design and research aspects. I wanted to have fun with that part rather than the dev side. There wasn't anything particularly new on the dev side. In the end, I went with a simple stacked bar chart, but it was the best way to tell the story I wanted to tell. Choosing that type of visualization meant I didn't need to use any fancy tech.
Actually, there were a lot of new things in this project, like figuring out the main question and the key points I wanted to communicate. And also on the design side, figuring out the best way to visualize the data and what kind of interactive elements or components to include.","First, I defined the question and then found data sources. The main focus was on character colors, so I had to find a database with character names and images for Fluke to scrape. The story I wanted to tell was about heroes and villains, so I had to find character names that were specifically labeled as good or bad. The other data I used in the project came from different sources, such as movie lists, years, and hero/villain designations. So, I had Fluke combine the data from each source into one sheet. For the design, I used a stacked bar chart with the data arranged in rows by year, separating the left and right sides into heroes and villains to show the diversity in color usage. My intention was to work like a real designer, creating a draft in Figma and then developing based on that design. But I realized I wasn't very good at Figma; sometimes I got stuck and it was quite slow. In the end, I developed first and then added details in the dev phase. I felt it was much easier for me that way. For example, I added pop-ups that weren't in the Figma design during the development process. It was easier and faster to find solutions this way. To sum it up, I only used Figma for a very rough outline.","Lookkid wanted us to try something new, and that was the hard part. I was trying so hard to find something new. I got really stuck on that idea, thinking it had to be a chart that Punch Up had never done before, so that the team would see something different. But in the end, I ended up with a stacked bar chart, and I was worried that others might be disappointed because it seemed ordinary. But Lookkid said that it was still a learning experience in terms of using color, and Punch Up hadn't really done much with color before. Color itself was also an obstacle. I wanted to display the colors, and I ended up having to arrange and order them so that they were easy for the reader to see. When I used code to extract the colors myself, I found it was really hard to see because colors have so many values—hue, saturation, brightness. It took some time to understand the logic of color gradients. Initially, I used the actual colors from the images, but most of them were quite dull, and even after ordering them, they were still difficult to see. So, I added another mode to show only the main color, the hue value, which is the color without any other colors mixed in, to make it easier for the reader to understand. At first, I didn't really understand how to arrange the colors. I had to change the dull colors to be in the black group to make the color patterns easier to read. Since I felt like I hadn't really incorporated any new skills into the project, I tried to extract the colors from the images myself on the front-end. It was possible, but it was very resource-intensive and slowed down the website. In the end, I asked Fluke to do it, even though he had offered to do it earlier. I thought I wanted to try something new myself, not just wait for the data. When extracting colors from images, the background colors were also included, even though I didn't want to present them. So, the initial results didn't match what I had in mind. I had to ask Fluke to use techniques to remove the background and extract the color palette. I think that made the data clearer.","What I feel I didn't do well was communicating with the Data Analyst. At first, I gave him a general idea, but I assumed I could do some things myself, so I didn't tell him to do them or didn't carefully read the data source before sending it to him. I wasn't as thorough with the data research as I should have been. In the end, I had to send him a better source and have him redo it, which might have made his work more difficult. I think if I had communicated clearly from the beginning, it would have been easier for Fluke. I should have told him exactly what I wanted or what my goal was. 
Secondly, when I was designing without seeing the actual data because it hadn't been cleaned yet, things like the character colors weren't accurate. If you don't see the complete data and start visualizing it, it's difficult to see what insights you can get from it. It would have been better if I had told Fluke to get the data right from the start. That would have allowed me to play with the correct data and design more effectively, telling a more accurate and understandable story.","I loved it! (smiled) I loved it a lot. It's a project that made me realize I haven't enjoyed developing like this in a long time. But it's not that Punch Up projects aren't fun (laughs). I could just keep working on it and lose track of everything else. I want to add this and that, and it could go on forever. As I worked on it, I saw new dimensions and kept thinking of new ideas because I was so into it from the beginning. It was fun and allowed me to fully utilize my creativity."
6,พิมพ์ปฏิภาณ อังคเรืองรัตนา,ป๊อปแป๊ป,Front-end Developer,How Anime Popular in The World,how-anime-popular-in-the-world,#anime #language #score ,ชาร์ตแสดงการเปรียบเทียบคะแนนของอะนิเมะญี่ปุ่นและแอนิเมชันต่างประเทศที่เผยแพร่ออกมาระหว่างปี 2000-2024 ซึ่งมีคะแนนโหวตมากกว่า 500 โหวตในเว็บไซต์ TMDB,ทำได้ทุกแบบ แต่ไม่ได้เก่งด้านไหนเป็นพิเศษ,,ส่วนตัวเป็นคนชอบดูอนิเมะเมื่อก่อนจะพูดกับใครไม่ค่อยได้ เพราะดูเป็นโอตาคุ แต่เดี๋ยวนี้รู้สึกว่ามันแมสขึ้น แต่เราก็อยากรู้ว่ามันแมสจริงๆ ไหมในประเทศอื่นๆ งานนี้เลยลองดึงข้อมูลแอนิเมชันของประเทศอื่นๆ มาดูว่าอนิเมะญี่ปุ่นมีความแมสมากกว่าหรือเท่ากับประเทศอื่นๆ มากน้อยแค่ไหน ดึงแอนิเมชันที่ฉายแล้วจากปี 2000-ปัจจุบันจากเว็บ TMDB ซึ่งน่าเชื่อถือ และมีผลโหวตตั้งแต่ 500 ขึ้นไป เป็นตัวกรองว่าแอนิเมชันนี้มีความแมสประมาณนึง แล้วนำ user score มาวัด ทำให้เห็นว่าแอนิเมะของญี่ปุ่นมีคะแนนมากกว่าประเทศอื่นๆ นิดหน่อย ค่า median อยู่ที่ 7.5 ขณะที่ประเทศอื่นๆ อยู่ที่ 7 นิดๆ อีกอย่างที่ได้เห็นคือปริมาณอนิเมะของญี่ปุ่นที่มีคะแนนสูง มีน้อยกว่าประเทศอื่นๆ,,ใช้ lib ชื่อ amcharts5 มาทำชาร์ต bee swarm chart เนื่องจากเป็นชาร์ตที่คนส่วนใหญ่ไม่ได้ใช้ เลยเป็น lib เดียวที่หาได้ อยากได้แบบสำเร็จรูปที่ใช้งานได้ในเวลาสั้นๆ เลยใช้เครื่องมือนี้มาสร้างชาร์ต แต่มีบางส่วนที่ทำขึ้นมาเองเช่น median line และ axis งานนี้จริงๆ แล้วจะดูเหมือนมันเป็นชาร์ตที่มีสองชาร์ตที่อยู่ในชาร์ตเดียว แต่จริงๆ มันแยกกันอยู่,"เริ่มจากให้ฟลุ๊ค aggregate ข้อมูล แล้วนำมาใช้ในชาร์ต bee swarm chart ตอนแรกจะดึงค่า popularity จากเว็บ แต่เป็นค่าที่ไม่นิ่ง เพราะอัปเดตค่าตลอดเวลา ขึ้นอยู่กับความนิยมปัจจุบัน ไม่แฟร์กับอนิเมะเก่าๆ เลยตัดสินใจว่าใช้ user score จะแฟร์โอเคกว่า
ตอนคิดไอเดีย ยังไม่เห็นข้อมูล ตอนแรกคิดไว้ว่าจะใช้ scattered plot แต่พอปรึกษากับลูกคิดแล้วแนะนำว่าให้ใช้ bee swarm chart เพราะมันเล่าเรื่องได้ดีกว่า และทางทีม Punch Up ไม่เคยใช้มาก่อน เราก็เลยรีเสิร์ช lib ของ dev มาใช้สร้างสิ่งนี้",เวลามันน้อยมาก แต่ก็อยากให้มีงานสักชิ้นไว้อวดชาวบ้าน ถ้าเลือกได้ก็อยากให้มีสำเร็จรูปเลย ไม่อยากทำมือตั้งแต่แรก เพราะกลัวเวลาไม่พอ อยากได้งานเล็กที่เป็นหน้าเป็นตาได้ อุปสรรคก็คือได้ใช้ lib ที่ใช้ ไม่เคยใช้มาก่อน แต่ก็ไม่ได้ยากขนาดนั้น การเซตอัปคล้ายๆ กับของอันเก่า,"ตอนที่ทำงานนี้เป็นดราฟต์แรก ก็ให้ทีมลองดูว่าเข้าใจไหม ให้ชาว PU มาคอมเมนต์งาน แต่ก็มีให้ไปปรับสีบ้าง มีบางคำถามที่เราลืมคิดว่ามันสามารถ explore ได้มากขึ้นเช่น เส้น median line และเส้นแกน y เพราะตอนไม่ใส่ก็ค่อนข้างดูยาก
ตอนแรกคิดว่าจะใส่ฟิลเตอร์ genre แต่สุดท้าย จุดประสงค์คืออยากเห็นภาพรวมความนิยมของแอนิเมชัน เลยคิดว่าฟิลเตอร์ไม่ได้จำเป็น และมีคอมเมนต์จากหลายๆ คนก็คือ มีสิ่งที่อยากเห็น เช่น คะแนนจาก TMDB","การทำงานที่เราหาข้อมูลเอง ดีไซน์เอง และพัฒนาเองก็ดีเหมือนกัน จะได้รู้ว่ามีสิ่งที่เราชอบอย่างอื่นนอกจาก dev ไหม อาจจะเป็นการค้นพบตัวเอง แลัได้เข้าใจมุมมองของ PM และ designer ว่ามีกระบวนการคิดงานอย่างไร
คิดว่าตัวเองดีไซน์กากมาก และข้อมูลก็อาจจะต้อง explore ได้มากกว่านี้ ถ้ามีเวลาพอ แต่โดยรวมก็สนุกดี",Pimpatipan Angkharuengrattana,Poppap,The visualization displays comparison between anime and other countries animation that have a release year between 2000-2024 with more than 500 votes on the TMDB website.,"I can do a bit of everything, but I'm not really a specialist in any one area.","Personally, I love watching anime. I used to feel a bit awkward talking about it because it seemed kind of nerdy, but now it feels more mainstream. But I wanted to know if it really was more popular in other countries. So, in this project, I looked at animation data from other countries to see how Japanese anime stacked up. I pulled data on all the anime released from 2000 to now from TMDB, which is a pretty reliable site. I only included anime with at least 500 votes to make sure it was somewhat popular, and then I used the user score as a measure. It turned out that Japanese anime did have slightly higher scores than anime from other countries. The median score was 7.5, while other countries were a little over 7.  I also noticed that there weren't as many high-scoring Japanese anime compared to other countries.",,"I used a library called amCharts5 to make the bee swarm chart. It's not a very common chart, so it was pretty much the only library I could find. I needed something ready-to-go that I could use quickly, so this tool was perfect for creating the chart. But I did customize some parts, like the median line and the axis. The chart might look like two charts in one, but they're actually separate.","I started by having Fluke aggregate the data, which I then used in a bee swarm chart. Initially, I was going to pull popularity values from the website, but those values were constantly changing based on current trends, which wasn't fair to older anime. So, I decided to use user scores, which seemed like a fairer comparison. When I was coming up with ideas, I hadn't seen the data yet. At first, I thought about using a scatter plot, but after talking to Lookkid, he suggested a bee swarm chart because it would tell the story better. And since the Punch Up team hadn't used one before, we researched dev libraries to help us create it.","Time was really tight, but I wanted to have at least one piece to show off. If I had the choice, I would have preferred to use something pre-made rather than building it from scratch because I was worried about running out of time. I wanted a small project that would still make an impact. The obstacle was that I had to use a library I'd never used before, but it wasn't too difficult. The setup was similar to what I was used to.","When I finished the first draft, I had the team take a look to see if they understood it. I had the Punch Up team give feedback, and there were some comments about adjusting the colors. There were also some questions that I hadn't considered, which could have been explored further, like the median line and the y-axis. It was hard to read without them. Initially, I thought about adding a genre filter, but ultimately the goal was to see the overall popularity of animation, so I decided the filter wasn't necessary. And several people commented that they wanted to see things like the TMDB score.","It was good to work on a project where I could find the data, design it, and develop it myself. It helps you see if there are other things you enjoy besides development. It can be a journey of self-discovery. And I got to understand the perspectives of PMs and designers and how they think about their work. I think my design was pretty bad, and the data could have been explored further if we had more time. But overall, it was fun."